[{"model": "auth.permission", "pk": 1, "fields": {"name": "Can add log entry", "content_type": 1, "codename": "add_logentry"}}, {"model": "auth.permission", "pk": 2, "fields": {"name": "Can change log entry", "content_type": 1, "codename": "change_logentry"}}, {"model": "auth.permission", "pk": 3, "fields": {"name": "Can delete log entry", "content_type": 1, "codename": "delete_logentry"}}, {"model": "auth.permission", "pk": 4, "fields": {"name": "Can view log entry", "content_type": 1, "codename": "view_logentry"}}, {"model": "auth.permission", "pk": 5, "fields": {"name": "Can add permission", "content_type": 2, "codename": "add_permission"}}, {"model": "auth.permission", "pk": 6, "fields": {"name": "Can change permission", "content_type": 2, "codename": "change_permission"}}, {"model": "auth.permission", "pk": 7, "fields": {"name": "Can delete permission", "content_type": 2, "codename": "delete_permission"}}, {"model": "auth.permission", "pk": 8, "fields": {"name": "Can view permission", "content_type": 2, "codename": "view_permission"}}, {"model": "auth.permission", "pk": 9, "fields": {"name": "Can add group", "content_type": 3, "codename": "add_group"}}, {"model": "auth.permission", "pk": 10, "fields": {"name": "Can change group", "content_type": 3, "codename": "change_group"}}, {"model": "auth.permission", "pk": 11, "fields": {"name": "Can delete group", "content_type": 3, "codename": "delete_group"}}, {"model": "auth.permission", "pk": 12, "fields": {"name": "Can view group", "content_type": 3, "codename": "view_group"}}, {"model": "auth.permission", "pk": 13, "fields": {"name": "Can add content type", "content_type": 4, "codename": "add_contenttype"}}, {"model": "auth.permission", "pk": 14, "fields": {"name": "Can change content type", "content_type": 4, "codename": "change_contenttype"}}, {"model": "auth.permission", "pk": 15, "fields": {"name": "Can delete content type", "content_type": 4, "codename": "delete_contenttype"}}, {"model": "auth.permission", "pk": 16, "fields": {"name": "Can view content type", "content_type": 4, "codename": "view_contenttype"}}, {"model": "auth.permission", "pk": 17, "fields": {"name": "Can add session", "content_type": 5, "codename": "add_session"}}, {"model": "auth.permission", "pk": 18, "fields": {"name": "Can change session", "content_type": 5, "codename": "change_session"}}, {"model": "auth.permission", "pk": 19, "fields": {"name": "Can delete session", "content_type": 5, "codename": "delete_session"}}, {"model": "auth.permission", "pk": 20, "fields": {"name": "Can view session", "content_type": 5, "codename": "view_session"}}, {"model": "auth.permission", "pk": 21, "fields": {"name": "Can add product category", "content_type": 6, "codename": "add_productcategory"}}, {"model": "auth.permission", "pk": 22, "fields": {"name": "Can change product category", "content_type": 6, "codename": "change_productcategory"}}, {"model": "auth.permission", "pk": 23, "fields": {"name": "Can delete product category", "content_type": 6, "codename": "delete_productcategory"}}, {"model": "auth.permission", "pk": 24, "fields": {"name": "Can view product category", "content_type": 6, "codename": "view_productcategory"}}, {"model": "auth.permission", "pk": 25, "fields": {"name": "Can add product", "content_type": 7, "codename": "add_product"}}, {"model": "auth.permission", "pk": 26, "fields": {"name": "Can change product", "content_type": 7, "codename": "change_product"}}, {"model": "auth.permission", "pk": 27, "fields": {"name": "Can delete product", "content_type": 7, "codename": "delete_product"}}, {"model": "auth.permission", "pk": 28, "fields": {"name": "Can view product", "content_type": 7, "codename": "view_product"}}, {"model": "auth.permission", "pk": 29, "fields": {"name": "Can add user", "content_type": 8, "codename": "add_shopuser"}}, {"model": "auth.permission", "pk": 30, "fields": {"name": "Can change user", "content_type": 8, "codename": "change_shopuser"}}, {"model": "auth.permission", "pk": 31, "fields": {"name": "Can delete user", "content_type": 8, "codename": "delete_shopuser"}}, {"model": "auth.permission", "pk": 32, "fields": {"name": "Can view user", "content_type": 8, "codename": "view_shopuser"}}, {"model": "auth.permission", "pk": 33, "fields": {"name": "Can add basket", "content_type": 9, "codename": "add_basket"}}, {"model": "auth.permission", "pk": 34, "fields": {"name": "Can change basket", "content_type": 9, "codename": "change_basket"}}, {"model": "auth.permission", "pk": 35, "fields": {"name": "Can delete basket", "content_type": 9, "codename": "delete_basket"}}, {"model": "auth.permission", "pk": 36, "fields": {"name": "Can view basket", "content_type": 9, "codename": "view_basket"}}, {"model": "auth.permission", "pk": 37, "fields": {"name": "Can add association", "content_type": 10, "codename": "add_association"}}, {"model": "auth.permission", "pk": 38, "fields": {"name": "Can change association", "content_type": 10, "codename": "change_association"}}, {"model": "auth.permission", "pk": 39, "fields": {"name": "Can delete association", "content_type": 10, "codename": "delete_association"}}, {"model": "auth.permission", "pk": 40, "fields": {"name": "Can view association", "content_type": 10, "codename": "view_association"}}, {"model": "auth.permission", "pk": 41, "fields": {"name": "Can add code", "content_type": 11, "codename": "add_code"}}, {"model": "auth.permission", "pk": 42, "fields": {"name": "Can change code", "content_type": 11, "codename": "change_code"}}, {"model": "auth.permission", "pk": 43, "fields": {"name": "Can delete code", "content_type": 11, "codename": "delete_code"}}, {"model": "auth.permission", "pk": 44, "fields": {"name": "Can view code", "content_type": 11, "codename": "view_code"}}, {"model": "auth.permission", "pk": 45, "fields": {"name": "Can add nonce", "content_type": 12, "codename": "add_nonce"}}, {"model": "auth.permission", "pk": 46, "fields": {"name": "Can change nonce", "content_type": 12, "codename": "change_nonce"}}, {"model": "auth.permission", "pk": 47, "fields": {"name": "Can delete nonce", "content_type": 12, "codename": "delete_nonce"}}, {"model": "auth.permission", "pk": 48, "fields": {"name": "Can view nonce", "content_type": 12, "codename": "view_nonce"}}, {"model": "auth.permission", "pk": 49, "fields": {"name": "Can add user social auth", "content_type": 13, "codename": "add_usersocialauth"}}, {"model": "auth.permission", "pk": 50, "fields": {"name": "Can change user social auth", "content_type": 13, "codename": "change_usersocialauth"}}, {"model": "auth.permission", "pk": 51, "fields": {"name": "Can delete user social auth", "content_type": 13, "codename": "delete_usersocialauth"}}, {"model": "auth.permission", "pk": 52, "fields": {"name": "Can view user social auth", "content_type": 13, "codename": "view_usersocialauth"}}, {"model": "auth.permission", "pk": 53, "fields": {"name": "Can add partial", "content_type": 14, "codename": "add_partial"}}, {"model": "auth.permission", "pk": 54, "fields": {"name": "Can change partial", "content_type": 14, "codename": "change_partial"}}, {"model": "auth.permission", "pk": 55, "fields": {"name": "Can delete partial", "content_type": 14, "codename": "delete_partial"}}, {"model": "auth.permission", "pk": 56, "fields": {"name": "Can view partial", "content_type": 14, "codename": "view_partial"}}, {"model": "auth.permission", "pk": 57, "fields": {"name": "Can add shop user profile", "content_type": 15, "codename": "add_shopuserprofile"}}, {"model": "auth.permission", "pk": 58, "fields": {"name": "Can change shop user profile", "content_type": 15, "codename": "change_shopuserprofile"}}, {"model": "auth.permission", "pk": 59, "fields": {"name": "Can delete shop user profile", "content_type": 15, "codename": "delete_shopuserprofile"}}, {"model": "auth.permission", "pk": 60, "fields": {"name": "Can view shop user profile", "content_type": 15, "codename": "view_shopuserprofile"}}, {"model": "auth.permission", "pk": 61, "fields": {"name": "Can add заказ", "content_type": 16, "codename": "add_order"}}, {"model": "auth.permission", "pk": 62, "fields": {"name": "Can change заказ", "content_type": 16, "codename": "change_order"}}, {"model": "auth.permission", "pk": 63, "fields": {"name": "Can delete заказ", "content_type": 16, "codename": "delete_order"}}, {"model": "auth.permission", "pk": 64, "fields": {"name": "Can view заказ", "content_type": 16, "codename": "view_order"}}, {"model": "auth.permission", "pk": 65, "fields": {"name": "Can add order item", "content_type": 17, "codename": "add_orderitem"}}, {"model": "auth.permission", "pk": 66, "fields": {"name": "Can change order item", "content_type": 17, "codename": "change_orderitem"}}, {"model": "auth.permission", "pk": 67, "fields": {"name": "Can delete order item", "content_type": 17, "codename": "delete_orderitem"}}, {"model": "auth.permission", "pk": 68, "fields": {"name": "Can view order item", "content_type": 17, "codename": "view_orderitem"}}, {"model": "sessions.session", "pk": "1dm40ycr37et3vegnfbfxowfn8t0wjo8", "fields": {"session_data": ".eJxVjLsOwjAMAP8lM4rqxnEKIzvfENl5kAJKpaadEP-OInWA9e50b-V534rfW1r9HNVFgTr9MuHwTLWL-OB6X3RY6rbOonuiD9v0bYnpdT3av0HhVvpWosvZkkyQwFkJyQzoUrTAjpACTnYkQgYj1mQnZiCMQg4DjmzgrD5f3hM3PQ:1nAdhU:I268SsGYFMRXQiPgUVeV0k60y-7Ixpr6xlfyEExWwew", "expire_date": "2022-02-03T20:06:28.976Z"}}, {"model": "sessions.session", "pk": "539a5091y7ijv1hh9mvvd1huw34d4w95", "fields": {"session_data": ".eJxVjLsOgjAARf-ls1ZaSguORhaM8Ykr6QtBsCS0GI3x3y0JC-u559wvMPrtwBqswAK8mmXHB1fhwjrutKeHy23bn9JznmYmy1qau0Rdh2NtG9M-Pzvto2IsisHqvqiVTxCaQ8Flo824qAc39w7Kzri-FnBU4LRauO-UbjeTOzuouK18zTDGEseSsJBoiqSKSKJ4yQWKY8FUGCBGRSJLhmVEMYuYF3gQSUGJYiEm4PcHrxlMdA:1n9uwR:3xmbAtaqJh63Gxz2tgd38jsmb4T-1rhKaJaI0gC8AJo", "expire_date": "2022-02-01T20:18:55.865Z"}}, {"model": "sessions.session", "pk": "7ndj9vz8qn1460asq4y6d0me873kolnk", "fields": {"session_data": ".eJxVjLsOwjAMAP8lM4rqxnEKIzvfENl5kAJKpaadEP-OInWA9e50b-V534rfW1r9HNVFgTr9MuHwTLWL-OB6X3RY6rbOonuiD9v0bYnpdT3av0HhVvpWosvZkkyQwFkJyQzoUrTAjpACTnYkQgYj1mQnZiCMQg4DjmzgrD5f3hM3PQ:1n8p6G:awNyGxBQSXZVvQlEiaq2sYY5B002d_rATo8hmlj2mqA", "expire_date": "2022-01-29T19:52:32.278Z"}}, {"model": "sessions.session", "pk": "doml8yx8g9lzvznyhxmy0buy0rocku34", "fields": {"session_data": ".eJxVjLsOwjAMAP8lM4rqxnEKIzvfENl5kAJKpaadEP-OInWA9e50b-V534rfW1r9HNVFgTr9MuHwTLWL-OB6X3RY6rbOonuiD9v0bYnpdT3av0HhVvpWosvZkkyQwFkJyQzoUrTAjpACTnYkQgYj1mQnZiCMQg4DjmzgrD5f3hM3PQ:1n8p6E:07Ua7pUlv8NYoymjIV9XuslK2rwN-mG5hId0GuAmsJU", "expire_date": "2022-01-29T19:52:30.573Z"}}, {"model": "sessions.session", "pk": "fchakpc65kfu9oi4bzc3e6bi3w6o38wi", "fields": {"session_data": ".eJxVjLsOwjAMAP8lM4rqxnEKIzvfENl5kAJKpaadEP-OInWA9e50b-V534rfW1r9HNVFgTr9MuHwTLWL-OB6X3RY6rbOonuiD9v0bYnpdT3av0HhVvpWosvZkkyQwFkJyQzoUrTAjpACTnYkQgYj1mQnZiCMQg4DjmzgrD5f3hM3PQ:1nAcYp:ZzmXUn17xJHS1avLDKktU9xshylPdkZY3qi9ySxMJbM", "expire_date": "2022-02-03T18:53:27.817Z"}}, {"model": "sessions.session", "pk": "no6ve2k49u5gvjm8qdw0knpk9rbtkkwn", "fields": {"session_data": ".eJxVjLsOwjAMAP8lM4rqxnEKIzvfENl5kAJKpaadEP-OInWA9e50b-V534rfW1r9HNVFgTr9MuHwTLWL-OB6X3RY6rbOonuiD9v0bYnpdT3av0HhVvpWosvZkkyQwFkJyQzoUrTAjpACTnYkQgYj1mQnZiCMQg4DjmzgrD5f3hM3PQ:1nAcKg:UpIDrgvCzagWc-jTA4EBoaeJNjxIAUF4haL9nSwiHO8", "expire_date": "2022-02-03T18:38:50.790Z"}}, {"model": "sessions.session", "pk": "ws5rgdqmgei0q3k249hq1wgpfbnwmi6w", "fields": {"session_data": ".eJxVjLsOwjAMAP8lM4rqxnEKIzvfENl5kAJKpaadEP-OInWA9e50b-V534rfW1r9HNVFgTr9MuHwTLWL-OB6X3RY6rbOonuiD9v0bYnpdT3av0HhVvpWosvZkkyQwFkJyQzoUrTAjpACTnYkQgYj1mQnZiCMQg4DjmzgrD5f3hM3PQ:1nDtG3:fWFO-pNH-bbUYGbHQ_HdSPXJPRccaHV51neurjx8TZc", "expire_date": "2022-02-12T19:19:35.053Z"}}, {"model": "mainapp.productcategory", "pk": 1, "fields": {"name": "Стулья", "description": "", "is_active": true}}, {"model": "mainapp.productcategory", "pk": 2, "fields": {"name": "Лампы", "description": "светодиоды", "is_active": true}}, {"model": "mainapp.productcategory", "pk": 3, "fields": {"name": "Столы", "description": "Супер столы", "is_active": true}}, {"model": "mainapp.productcategory", "pk": 4, "fields": {"name": "Диваны", "description": "", "is_active": true}}, {"model": "mainapp.productcategory", "pk": 5, "fields": {"name": "Кухни", "description": "123", "is_active": true}}, {"model": "mainapp.productcategory", "pk": 6, "fields": {"name": "Кресла", "description": "", "is_active": false}}, {"model": "mainapp.product", "pk": 1, "fields": {"name": "Лампа настенная1", "description": "Классная лампа", "category": 2, "short_description": "Супер цена", "price": "3455.00", "price_with_discount": "4512.00", "quantity": 62, "image": "products_images/product-11.jpg", "is_active": true}}, {"model": "mainapp.product", "pk": 2, "fields": {"name": "Лампа настольная2", "description": "Классная лампа", "category": 2, "short_description": "Супер цена", "price": "5556.00", "price_with_discount": "3245.00", "quantity": 65, "image": "products_images/product-31.jpg", "is_active": true}}, {"model": "mainapp.product", "pk": 3, "fields": {"name": "Лампа из 90-х3", "description": "Классная лампа", "category": 2, "short_description": "Супер цена", "price": "4567.00", "price_with_discount": "2344.00", "quantity": 61, "image": "products_images/product-5-sm.jpg", "is_active": true}}, {"model": "mainapp.product", "pk": 4, "fields": {"name": "Лампа настенная4", "description": "Классная лампа2", "category": 2, "short_description": "Супер цена", "price": "5775.00", "price_with_discount": "3465.00", "quantity": 65, "image": "products_images/product-41.jpg", "is_active": true}}, {"model": "mainapp.product", "pk": 5, "fields": {"name": "Лампа настольная5", "description": "Классная лампа", "category": 2, "short_description": "Супер цена", "price": "5887.00", "price_with_discount": "676.00", "quantity": 102, "image": "products_images/product-1.jpg", "is_active": true}}, {"model": "mainapp.product", "pk": 6, "fields": {"name": "Лампа из 90-х6", "description": "Классная лампа", "category": 2, "short_description": "Супер цена", "price": "4564.22", "price_with_discount": "3455.00", "quantity": 20, "image": "products_images/product-5-sm.jpg", "is_active": true}}, {"model": "mainapp.product", "pk": 7, "fields": {"name": "Лампа настенная7", "description": "Классная лампа", "category": 2, "short_description": "Супер цена", "price": "5234.00", "price_with_discount": "5687.00", "quantity": 37, "image": "products_images/product-11.jpg", "is_active": true}}, {"model": "mainapp.product", "pk": 8, "fields": {"name": "Лампа настольная8", "description": "Классная лампа", "category": 2, "short_description": "Супер цена", "price": "5888.00", "price_with_discount": "9887.00", "quantity": 22, "image": "products_images/product-31.jpg", "is_active": true}}, {"model": "mainapp.product", "pk": 9, "fields": {"name": "Лампа из 90-х9", "description": "Классная лампа", "category": 2, "short_description": "Супер цена", "price": "4456.00", "price_with_discount": "2500.00", "quantity": 66, "image": "products_images/product-5-sm.jpg", "is_active": true}}, {"model": "mainapp.product", "pk": 10, "fields": {"name": "Лампа настенная10", "description": "Классная лампа", "category": 2, "short_description": "Супер цена", "price": "5243.00", "price_with_discount": "4500.00", "quantity": 65, "image": "products_images/product-11.jpg", "is_active": true}}, {"model": "mainapp.product", "pk": 11, "fields": {"name": "Лампа настольная11", "description": "Классная лампа", "category": 2, "short_description": "Супер цена", "price": "5786.00", "price_with_discount": "4500.00", "quantity": 64, "image": "products_images/product-31.jpg", "is_active": true}}, {"model": "mainapp.product", "pk": 12, "fields": {"name": "Лампа из 90-х12", "description": "Классная лампа", "category": 2, "short_description": "Супер цена", "price": "4033.00", "price_with_discount": "2500.00", "quantity": 62, "image": "products_images/product-5-sm.jpg", "is_active": true}}, {"model": "mainapp.product", "pk": 13, "fields": {"name": "Стол из 90-х", "description": "Стол из дерева", "category": 3, "short_description": "Супер цена", "price": "5876.00", "price_with_discount": "4500.00", "quantity": 67, "image": "products_images/slider-hotdeal.jpg", "is_active": true}}, {"model": "mainapp.product", "pk": 14, "fields": {"name": "Стул из 90-х", "description": "Не оторваться", "category": 1, "short_description": "Супер цена", "price": "5235.00", "price_with_discount": "4500.00", "quantity": 60, "image": "products_images/product-4.jpg", "is_active": true}}, {"model": "mainapp.product", "pk": 15, "fields": {"name": "Диван тканевый", "description": "для дома и офиса и поспать", "category": 4, "short_description": "Супер цена", "price": "5976.00", "price_with_discount": "14500.00", "quantity": 65, "image": "products_images/product-3-sm.jpg", "is_active": true}}, {"model": "mainapp.product", "pk": 16, "fields": {"name": "Кухня Лето", "description": "", "category": 5, "short_description": "", "price": "15000.00", "price_with_discount": "13500.00", "quantity": 2, "image": "products_images/product-2.jpg", "is_active": true}}, {"model": "mainapp.product", "pk": 17, "fields": {"name": "Диванчик", "description": "Мягкий", "category": 4, "short_description": "", "price": "12000.00", "price_with_discount": "11980.00", "quantity": 10, "image": "products_images/promo-img2_Nkc18Oe.jpg", "is_active": true}}, {"model": "authapp.shopuser", "pk": 1, "fields": {"password": "pbkdf2_sha256$260000$kA8H6Jmsrb33aAw1zwycuY$7tWGEQiR8Uv07UNDWnUcnEDeey7AOIZpjla/+7ZogUQ=", "last_login": "2022-01-29T19:19:34.577Z", "is_superuser": true, "username": "django", "first_name": "django", "last_name": "", "email": "django@geekshop.local", "is_staff": true, "is_active": true, "date_joined": "2022-01-14T20:13:15Z", "avatar": "users_avatars/superadmin.jpg", "age": 33, "activation_key": "", "activation_key_expires": "2022-01-17T20:13:52Z", "groups": [], "user_permissions": []}}, {"model": "authapp.shopuser", "pk": 2, "fields": {"password": "pbkdf2_sha256$260000$OgoxgQsUevnlp9frakyreY$NzFYbV7DQESr1MZdm56sEWyHzBMBWLpRZY+oHGHihjg=", "last_login": null, "is_superuser": false, "username": "user", "first_name": "", "last_name": "", "email": "django@geekshop.local", "is_staff": true, "is_active": true, "date_joined": "2022-01-14T20:13:15Z", "avatar": "", "age": 18, "activation_key": "", "activation_key_expires": "2022-01-17T20:13:52Z", "groups": [], "user_permissions": []}}, {"model": "authapp.shopuser", "pk": 3, "fields": {"password": "pbkdf2_sha256$260000$joSXGBz9kyUtmqtyhADJ7P$x/VEvTdH8IrrkA8QplElAWMPOpI9sBDcXGBrVCdutR8=", "last_login": null, "is_superuser": true, "username": "Schwarzenegger", "first_name": "", "last_name": "", "email": "schwarz@hollywood.cinema", "is_staff": true, "is_active": true, "date_joined": "2022-01-14T20:13:16.195Z", "avatar": "users_avatars/schwarzenegger.jpg", "age": 74, "activation_key": "", "activation_key_expires": "2022-01-17T20:13:52.919Z", "groups": [], "user_permissions": []}}, {"model": "authapp.shopuser", "pk": 4, "fields": {"password": "pbkdf2_sha256$260000$s6Ab5boAvwAWxqQelCsfBL$FYHZmfFi8/Bvug3xr2v2MqqA4DCPXJz4Broo47CkSwM=", "last_login": null, "is_superuser": true, "username": "Tarantino", "first_name": "", "last_name": "", "email": "tarantino@hollywood.cinema", "is_staff": true, "is_active": true, "date_joined": "2022-01-14T20:13:16.530Z", "avatar": "users_avatars/tarantino.jpg", "age": 58, "activation_key": "", "activation_key_expires": "2022-01-17T20:13:52.919Z", "groups": [], "user_permissions": []}}, {"model": "authapp.shopuser", "pk": 5, "fields": {"password": "pbkdf2_sha256$260000$JxXZM2dZdnhSEQpGt9S7V2$dUiNN0oCM+vZH+DvArzns/yu6ZM3xxZql1adFH3KpnQ=", "last_login": null, "is_superuser": true, "username": "Sigourney Weaver", "first_name": "", "last_name": "", "email": "Weaver@hollywood.cinema", "is_staff": true, "is_active": true, "date_joined": "2022-01-14T20:13:16.897Z", "avatar": "users_avatars/sigurni.jpg", "age": 72, "activation_key": "", "activation_key_expires": "2022-01-17T20:13:52.919Z", "groups": [], "user_permissions": []}}, {"model": "authapp.shopuser", "pk": 6, "fields": {"password": "pbkdf2_sha256$260000$JMS5N8n5nHMAjyRAmkpdMq$rGQI6mqp/EkS04XlzTJxrp3nZIzZrYOo5OSmXGkN/7Q=", "last_login": "2022-01-16T16:35:04.690Z", "is_superuser": false, "username": "Yan", "first_name": "Gillan", "last_name": "", "email": "gillan@localhost", "is_staff": false, "is_active": true, "date_joined": "2022-01-16T16:20:34.196Z", "avatar": "", "age": 76, "activation_key": "805e21e2cb144c47d9fa8341fc5a910c8ac74c86", "activation_key_expires": "2022-01-18T16:20:34.196Z", "groups": [], "user_permissions": []}}, {"model": "authapp.shopuser", "pk": 7, "fields": {"password": "pbkdf2_sha256$260000$qH3PtipNuhhgVLAaDDaO00$0fcmtdSvglxxI4wJ9PIBSijmwjQwsJ+1hUsNtf4SWJY=", "last_login": "2022-01-16T17:07:36.184Z", "is_superuser": false, "username": "Rithie", "first_name": "Blackmore", "last_name": "", "email": "blackmore@localhost", "is_staff": false, "is_active": true, "date_joined": "2022-01-16T16:33:02.553Z", "avatar": "", "age": 76, "activation_key": "bc2db5331b74c0401ccd0b8812fce1f10f894181", "activation_key_expires": "2022-01-18T16:33:02.553Z", "groups": [], "user_permissions": []}}, {"model": "authapp.shopuser", "pk": 8, "fields": {"password": "pbkdf2_sha256$260000$zP2odrsg49WmQ0d9QAIvsw$G5WpFoKdpuvv/POcWhRUyhXNbthRt+69rKXtYX9lJ64=", "last_login": "2022-01-16T19:41:49.954Z", "is_superuser": false, "username": "Robert", "first_name": "Plant", "last_name": "", "email": "plant@localhost", "is_staff": false, "is_active": true, "date_joined": "2022-01-16T19:41:02.585Z", "avatar": "", "age": 76, "activation_key": "97a9ebf44ebec7ee5c9512f82bee1edaa7f63795", "activation_key_expires": "2022-01-18T19:41:02.585Z", "groups": [], "user_permissions": []}}, {"model": "authapp.shopuser", "pk": 10, "fields": {"password": "pbkdf2_sha256$260000$LSyFVUiIQRq1ZZiowPf7Ly$peP42keUosGByCQyaXwPmUFnEtIZyVMVtbxaWHfkWUU=", "last_login": null, "is_superuser": false, "username": "John", "first_name": "Lord", "last_name": "", "email": "johnlord@localhost", "is_staff": false, "is_active": true, "date_joined": "2022-01-18T20:05:03.133Z", "avatar": "", "age": 75, "activation_key": "6696ebd194e563c283b652126fa06a14953f0796", "activation_key_expires": "2022-01-20T20:05:03.133Z", "groups": [], "user_permissions": []}}, {"model": "authapp.shopuser", "pk": 11, "fields": {"password": "pbkdf2_sha256$260000$pf15m8LabNZo0jUXBAiuKv$SeY2+kaB2Bd94xYig1MWqv5aXWuV8B/mY86r9lJSUgo=", "last_login": "2022-01-18T20:18:55.675Z", "is_superuser": false, "username": "Brad", "first_name": "Pitt", "last_name": "", "email": "bradpitt@localhost", "is_staff": false, "is_active": true, "date_joined": "2022-01-18T20:18:17.213Z", "avatar": "", "age": 57, "activation_key": "070a9faeb5bcd670d51a65ff739b087d56035251", "activation_key_expires": "2022-01-20T20:18:17.213Z", "groups": [], "user_permissions": []}}, {"model": "authapp.shopuser", "pk": 12, "fields": {"password": "!s3PhO2Byl4Dxb7OmgbitfkoOziYJUKrb7jzsK0p9", "last_login": "2022-01-23T09:19:34.181Z", "is_superuser": false, "username": "id39864345", "first_name": "Александр", "last_name": "Секисов", "email": "alexsekisov@yandex.ru", "is_staff": false, "is_active": true, "date_joined": "2022-01-19T19:52:58.271Z", "avatar": "", "age": 18, "activation_key": "", "activation_key_expires": "2022-01-21T19:52:58.271Z", "groups": [], "user_permissions": []}}, {"model": "authapp.shopuserprofile", "pk": 1, "fields": {"user": 1, "tagline": "", "aboutMe": "", "gender": "M"}}, {"model": "authapp.shopuserprofile", "pk": 2, "fields": {"user": 2, "tagline": "", "aboutMe": "", "gender": ""}}, {"model": "authapp.shopuserprofile", "pk": 3, "fields": {"user": 3, "tagline": "", "aboutMe": "", "gender": ""}}, {"model": "authapp.shopuserprofile", "pk": 4, "fields": {"user": 4, "tagline": "", "aboutMe": "", "gender": ""}}, {"model": "authapp.shopuserprofile", "pk": 5, "fields": {"user": 5, "tagline": "", "aboutMe": "", "gender": ""}}, {"model": "authapp.shopuserprofile", "pk": 6, "fields": {"user": 6, "tagline": "", "aboutMe": "", "gender": ""}}, {"model": "authapp.shopuserprofile", "pk": 7, "fields": {"user": 7, "tagline": "", "aboutMe": "", "gender": ""}}, {"model": "authapp.shopuserprofile", "pk": 8, "fields": {"user": 8, "tagline": "", "aboutMe": "", "gender": ""}}, {"model": "authapp.shopuserprofile", "pk": 10, "fields": {"user": 10, "tagline": "", "aboutMe": "", "gender": ""}}, {"model": "authapp.shopuserprofile", "pk": 11, "fields": {"user": 11, "tagline": "", "aboutMe": "Мужик", "gender": "M"}}, {"model": "authapp.shopuserprofile", "pk": 12, "fields": {"user": 12, "tagline": "", "aboutMe": "", "gender": "M"}}, {"model": "basketapp.basket", "pk": 4, "fields": {"user": 7, "product": 12, "quantity": 2, "add_datetime": "2022-01-16T16:40:36.172Z"}}, {"model": "basketapp.basket", "pk": 5, "fields": {"user": 7, "product": 13, "quantity": 2, "add_datetime": "2022-01-16T16:40:42.986Z"}}, {"model": "basketapp.basket", "pk": 6, "fields": {"user": 7, "product": 4, "quantity": 1, "add_datetime": "2022-01-16T17:01:00.744Z"}}, {"model": "basketapp.basket", "pk": 7, "fields": {"user": 7, "product": 16, "quantity": 1, "add_datetime": "2022-01-16T17:01:06.375Z"}}, {"model": "basketapp.basket", "pk": 9, "fields": {"user": 11, "product": 1, "quantity": 4, "add_datetime": "2022-01-18T20:19:43.150Z"}}, {"model": "basketapp.basket", "pk": 10, "fields": {"user": 11, "product": 9, "quantity": 1, "add_datetime": "2022-01-18T20:19:49.764Z"}}, {"model": "basketapp.basket", "pk": 13, "fields": {"user": 12, "product": 14, "quantity": 1, "add_datetime": "2022-01-23T09:19:49.082Z"}}, {"model": "basketapp.basket", "pk": 29, "fields": {"user": 1, "product": 8, "quantity": 1, "add_datetime": "2022-01-29T19:08:56.503Z"}}, {"model": "basketapp.basket", "pk": 30, "fields": {"user": 1, "product": 1, "quantity": 1, "add_datetime": "2022-01-29T19:09:12.116Z"}}, {"model": "basketapp.basket", "pk": 31, "fields": {"user": 1, "product": 12, "quantity": 1, "add_datetime": "2022-01-29T19:09:14.901Z"}}, {"model": "basketapp.basket", "pk": 32, "fields": {"user": 1, "product": 9, "quantity": 1, "add_datetime": "2022-01-29T19:25:14.508Z"}}, {"model": "social_django.usersocialauth", "pk": 2, "fields": {"user": 12, "provider": "vk-oauth2", "uid": "39864345", "extra_data": "{\"auth_time\": 1642929573, \"id\": 39864345, \"expires\": 86400, \"access_token\": \"f4bd132161566e42b89934327da51690492a05cfcd9fd027d0c3899743c7295bc4b0ccc886c3b87610734\", \"token_type\": null}", "created": "2022-01-19T19:52:58.967Z", "modified": "2022-01-23T09:19:33.890Z"}}, {"model": "ordersapp.order", "pk": 1, "fields": {"user": 1, "created": "2022-01-26T19:36:53.787Z", "updated": "2022-01-26T19:36:54.014Z", "status": "FM", "is_active": true}}, {"model": "ordersapp.order", "pk": 2, "fields": {"user": 1, "created": "2022-01-26T19:37:28.542Z", "updated": "2022-01-26T20:41:42.746Z", "status": "FM", "is_active": false}}, {"model": "ordersapp.order", "pk": 3, "fields": {"user": 1, "created": "2022-01-26T19:38:30.554Z", "updated": "2022-01-26T20:07:56.829Z", "status": "STP", "is_active": true}}, {"model": "ordersapp.order", "pk": 4, "fields": {"user": 1, "created": "2022-01-26T19:51:12.684Z", "updated": "2022-01-26T19:51:49.436Z", "status": "FM", "is_active": false}}, {"model": "ordersapp.order", "pk": 5, "fields": {"user": 1, "created": "2022-01-26T20:08:45.584Z", "updated": "2022-01-26T20:08:46.217Z", "status": "FM", "is_active": false}}, {"model": "ordersapp.order", "pk": 6, "fields": {"user": 1, "created": "2022-01-26T20:09:00.876Z", "updated": "2022-01-26T20:09:01.704Z", "status": "FM", "is_active": false}}, {"model": "ordersapp.order", "pk": 7, "fields": {"user": 1, "created": "2022-01-26T20:25:40.830Z", "updated": "2022-01-29T19:20:45.725Z", "status": "FM", "is_active": true}}, {"model": "ordersapp.order", "pk": 8, "fields": {"user": 1, "created": "2022-01-26T20:31:20.484Z", "updated": "2022-01-29T19:39:10.027Z", "status": "FM", "is_active": true}}, {"model": "ordersapp.order", "pk": 9, "fields": {"user": 1, "created": "2022-01-26T20:44:01.601Z", "updated": "2022-01-29T19:20:39.172Z", "status": "FM", "is_active": false}}, {"model": "ordersapp.order", "pk": 10, "fields": {"user": 1, "created": "2022-01-26T20:46:53.023Z", "updated": "2022-01-29T19:19:54.390Z", "status": "STP", "is_active": true}}, {"model": "ordersapp.order", "pk": 11, "fields": {"user": 1, "created": "2022-01-29T19:44:46.512Z", "updated": "2022-01-29T19:50:57.253Z", "status": "FM", "is_active": true}}, {"model": "ordersapp.order", "pk": 12, "fields": {"user": 1, "created": "2022-01-29T20:43:16.752Z", "updated": "2022-01-30T16:59:20.446Z", "status": "FM", "is_active": true}}, {"model": "ordersapp.orderitem", "pk": 1, "fields": {"order": 1, "product": 16, "quantity": 4}}, {"model": "ordersapp.orderitem", "pk": 2, "fields": {"order": 1, "product": 9, "quantity": 4}}, {"model": "ordersapp.orderitem", "pk": 3, "fields": {"order": 1, "product": 15, "quantity": 4}}, {"model": "ordersapp.orderitem", "pk": 4, "fields": {"order": 1, "product": 3, "quantity": 5}}, {"model": "ordersapp.orderitem", "pk": 5, "fields": {"order": 1, "product": 11, "quantity": 1}}, {"model": "ordersapp.orderitem", "pk": 6, "fields": {"order": 1, "product": 1, "quantity": 2}}, {"model": "ordersapp.orderitem", "pk": 7, "fields": {"order": 1, "product": 2, "quantity": 1}}, {"model": "ordersapp.orderitem", "pk": 8, "fields": {"order": 2, "product": 1, "quantity": 1}}, {"model": "ordersapp.orderitem", "pk": 9, "fields": {"order": 3, "product": 17, "quantity": 1}}, {"model": "ordersapp.orderitem", "pk": 10, "fields": {"order": 4, "product": 14, "quantity": 1}}, {"model": "ordersapp.orderitem", "pk": 11, "fields": {"order": 7, "product": 5, "quantity": 1}}, {"model": "ordersapp.orderitem", "pk": 12, "fields": {"order": 7, "product": 1, "quantity": 1}}, {"model": "ordersapp.orderitem", "pk": 14, "fields": {"order": 8, "product": 1, "quantity": 1}}, {"model": "ordersapp.orderitem", "pk": 15, "fields": {"order": 8, "product": 12, "quantity": 1}}, {"model": "ordersapp.orderitem", "pk": 16, "fields": {"order": 8, "product": 7, "quantity": 1}}, {"model": "ordersapp.orderitem", "pk": 18, "fields": {"order": 9, "product": 6, "quantity": 0}}, {"model": "ordersapp.orderitem", "pk": 19, "fields": {"order": 9, "product": 13, "quantity": 1}}, {"model": "ordersapp.orderitem", "pk": 20, "fields": {"order": 10, "product": 3, "quantity": 1}}, {"model": "ordersapp.orderitem", "pk": 21, "fields": {"order": 10, "product": 14, "quantity": 3}}, {"model": "ordersapp.orderitem", "pk": 22, "fields": {"order": 9, "product": 16, "quantity": 2}}, {"model": "ordersapp.orderitem", "pk": 23, "fields": {"order": 11, "product": 8, "quantity": 1}}, {"model": "ordersapp.orderitem", "pk": 24, "fields": {"order": 11, "product": 1, "quantity": 1}}, {"model": "ordersapp.orderitem", "pk": 25, "fields": {"order": 11, "product": 12, "quantity": 1}}, {"model": "ordersapp.orderitem", "pk": 26, "fields": {"order": 11, "product": 9, "quantity": 1}}, {"model": "ordersapp.orderitem", "pk": 27, "fields": {"order": 11, "product": 14, "quantity": 1}}, {"model": "ordersapp.orderitem", "pk": 28, "fields": {"order": 11, "product": 16, "quantity": 0}}, {"model": "ordersapp.orderitem", "pk": 29, "fields": {"order": 12, "product": 8, "quantity": 1}}, {"model": "ordersapp.orderitem", "pk": 30, "fields": {"order": 12, "product": 1, "quantity": 1}}, {"model": "ordersapp.orderitem", "pk": 31, "fields": {"order": 12, "product": 12, "quantity": 1}}, {"model": "ordersapp.orderitem", "pk": 32, "fields": {"order": 12, "product": 9, "quantity": 1}}, {"model": "ordersapp.orderitem", "pk": 33, "fields": {"order": 12, "product": 14, "quantity": 1}}, {"model": "ordersapp.orderitem", "pk": 34, "fields": {"order": 12, "product": 16, "quantity": 1}}, {"model": "ordersapp.orderitem", "pk": 35, "fields": {"order": 12, "product": 11, "quantity": 1}}, {"model": "ordersapp.orderitem", "pk": 36, "fields": {"order": 12, "product": 17, "quantity": 1}}]