[{"model": "sessions.session", "pk": "0vp28a369jnsfnqigr7if6ebtghudxe4", "fields": {"session_data": ".eJxVjLsOwjAMAP8lM4rqxnEKIzvfENl5kAJKpaadEP-OInWA9e50b-V534rfW1r9HNVFgTr9MuHwTLWL-OB6X3RY6rbOonuiD9v0bYnpdT3av0HhVvpWosvZkkyQwFkJyQzoUrTAjpACTnYkQgYj1mQnZiCMQg4DjmzgrD5f3hM3PQ:1nHtCW:NvfC5WQ58wXpWbDyFf2qxHsHgfjamJlsdWh_xVqJPGo", "expire_date": "2022-02-23T20:04:28.661Z"}}, {"model": "sessions.session", "pk": "1dm40ycr37et3vegnfbfxowfn8t0wjo8", "fields": {"session_data": ".eJxVjLsOwjAMAP8lM4rqxnEKIzvfENl5kAJKpaadEP-OInWA9e50b-V534rfW1r9HNVFgTr9MuHwTLWL-OB6X3RY6rbOonuiD9v0bYnpdT3av0HhVvpWosvZkkyQwFkJyQzoUrTAjpACTnYkQgYj1mQnZiCMQg4DjmzgrD5f3hM3PQ:1nAdhU:I268SsGYFMRXQiPgUVeV0k60y-7Ixpr6xlfyEExWwew", "expire_date": "2022-02-03T20:06:28.976Z"}}, {"model": "sessions.session", "pk": "539a5091y7ijv1hh9mvvd1huw34d4w95", "fields": {"session_data": ".eJxVjLsOgjAARf-ls1ZaSguORhaM8Ykr6QtBsCS0GI3x3y0JC-u559wvMPrtwBqswAK8mmXHB1fhwjrutKeHy23bn9JznmYmy1qau0Rdh2NtG9M-Pzvto2IsisHqvqiVTxCaQ8Flo824qAc39w7Kzri-FnBU4LRauO-UbjeTOzuouK18zTDGEseSsJBoiqSKSKJ4yQWKY8FUGCBGRSJLhmVEMYuYF3gQSUGJYiEm4PcHrxlMdA:1n9uwR:3xmbAtaqJh63Gxz2tgd38jsmb4T-1rhKaJaI0gC8AJo", "expire_date": "2022-02-01T20:18:55.865Z"}}, {"model": "sessions.session", "pk": "62quncep6gc6ecffhjhxo88fzic6zgsy", "fields": {"session_data": ".eJxVjLsOwjAMAP8lM4rqxnEKIzvfENl5kAJKpaadEP-OInWA9e50b-V534rfW1r9HNVFgTr9MuHwTLWL-OB6X3RY6rbOonuiD9v0bYnpdT3av0HhVvpWosvZkkyQwFkJyQzoUrTAjpACTnYkQgYj1mQnZiCMQg4DjmzgrD5f3hM3PQ:1nHtCV:69eY6JZfLcAxipWLkIsPOVHjQ2itL8GepfSkBoQ5gBk", "expire_date": "2022-02-23T20:04:27.645Z"}}, {"model": "sessions.session", "pk": "7ndj9vz8qn1460asq4y6d0me873kolnk", "fields": {"session_data": ".eJxVjLsOwjAMAP8lM4rqxnEKIzvfENl5kAJKpaadEP-OInWA9e50b-V534rfW1r9HNVFgTr9MuHwTLWL-OB6X3RY6rbOonuiD9v0bYnpdT3av0HhVvpWosvZkkyQwFkJyQzoUrTAjpACTnYkQgYj1mQnZiCMQg4DjmzgrD5f3hM3PQ:1n8p6G:awNyGxBQSXZVvQlEiaq2sYY5B002d_rATo8hmlj2mqA", "expire_date": "2022-01-29T19:52:32.278Z"}}, {"model": "sessions.session", "pk": "bda7igcjori48egb0ebt27ki5lzm1j5b", "fields": {"session_data": ".eJxVjLsOwjAMAP8lM4rqxnEKIzvfENl5kAJKpaadEP-OInWA9e50b-V534rfW1r9HNVFgTr9MuHwTLWL-OB6X3RY6rbOonuiD9v0bYnpdT3av0HhVvpWosvZkkyQwFkJyQzoUrTAjpACTnYkQgYj1mQnZiCMQg4DjmzgrD5f3hM3PQ:1nHtCb:cFcEDtETj2PV5-WxX5lRDWcRYzC-MoYHJQorp-smEn8", "expire_date": "2022-02-23T20:04:33.100Z"}}, {"model": "sessions.session", "pk": "doml8yx8g9lzvznyhxmy0buy0rocku34", "fields": {"session_data": ".eJxVjLsOwjAMAP8lM4rqxnEKIzvfENl5kAJKpaadEP-OInWA9e50b-V534rfW1r9HNVFgTr9MuHwTLWL-OB6X3RY6rbOonuiD9v0bYnpdT3av0HhVvpWosvZkkyQwFkJyQzoUrTAjpACTnYkQgYj1mQnZiCMQg4DjmzgrD5f3hM3PQ:1n8p6E:07Ua7pUlv8NYoymjIV9XuslK2rwN-mG5hId0GuAmsJU", "expire_date": "2022-01-29T19:52:30.573Z"}}, {"model": "sessions.session", "pk": "fchakpc65kfu9oi4bzc3e6bi3w6o38wi", "fields": {"session_data": ".eJxVjLsOwjAMAP8lM4rqxnEKIzvfENl5kAJKpaadEP-OInWA9e50b-V534rfW1r9HNVFgTr9MuHwTLWL-OB6X3RY6rbOonuiD9v0bYnpdT3av0HhVvpWosvZkkyQwFkJyQzoUrTAjpACTnYkQgYj1mQnZiCMQg4DjmzgrD5f3hM3PQ:1nAcYp:ZzmXUn17xJHS1avLDKktU9xshylPdkZY3qi9ySxMJbM", "expire_date": "2022-02-03T18:53:27.817Z"}}, {"model": "sessions.session", "pk": "k4511a418ltyu6rytzbo8vg0wvpwnwsq", "fields": {"session_data": ".eJxVjLsOwjAMAP8lM4rqxnEKIzvfENl5kAJKpaadEP-OInWA9e50b-V534rfW1r9HNVFgTr9MuHwTLWL-OB6X3RY6rbOonuiD9v0bYnpdT3av0HhVvpWosvZkkyQwFkJyQzoUrTAjpACTnYkQgYj1mQnZiCMQg4DjmzgrD5f3hM3PQ:1nHtCc:_sbcHAldlBzlXv4-CwFy4XE8HGHSLw1XCp4fc2lXHS8", "expire_date": "2022-02-23T20:04:34.646Z"}}, {"model": "sessions.session", "pk": "lod2004o9slvydrl81ml4z30bwo7p94e", "fields": {"session_data": ".eJxVjLsOwjAMAP8lM4rqxnEKIzvfENl5kAJKpaadEP-OInWA9e50b-V534rfW1r9HNVFgTr9MuHwTLWL-OB6X3RY6rbOonuiD9v0bYnpdT3av0HhVvpWosvZkkyQwFkJyQzoUrTAjpACTnYkQgYj1mQnZiCMQg4DjmzgrD5f3hM3PQ:1nHtCU:YlWudfygmsESbWaRMjlfNA0LCcgjmzjpOcNPIp5JW_A", "expire_date": "2022-02-23T20:04:26.713Z"}}, {"model": "sessions.session", "pk": "no6ve2k49u5gvjm8qdw0knpk9rbtkkwn", "fields": {"session_data": ".eJxVjLsOwjAMAP8lM4rqxnEKIzvfENl5kAJKpaadEP-OInWA9e50b-V534rfW1r9HNVFgTr9MuHwTLWL-OB6X3RY6rbOonuiD9v0bYnpdT3av0HhVvpWosvZkkyQwFkJyQzoUrTAjpACTnYkQgYj1mQnZiCMQg4DjmzgrD5f3hM3PQ:1nAcKg:UpIDrgvCzagWc-jTA4EBoaeJNjxIAUF4haL9nSwiHO8", "expire_date": "2022-02-03T18:38:50.790Z"}}, {"model": "sessions.session", "pk": "pt4h75v4l22ln6bjsq50da9cawvla73w", "fields": {"session_data": ".eJxVjLsOwjAMAP8lM4rqxnEKIzvfENl5kAJKpaadEP-OInWA9e50b-V534rfW1r9HNVFgTr9MuHwTLWL-OB6X3RY6rbOonuiD9v0bYnpdT3av0HhVvpWosvZkkyQwFkJyQzoUrTAjpACTnYkQgYj1mQnZiCMQg4DjmzgrD5f3hM3PQ:1nHtCY:FHBd9MzVgj9wUeTCge9oZotkmVPBXc5wDlmV1LcaQIQ", "expire_date": "2022-02-23T20:04:30.213Z"}}, {"model": "sessions.session", "pk": "toeax95uvsiffr6c13yzby0vkb4e2mzb", "fields": {"session_data": ".eJxVjLsOwjAMAP8lM4rqxnEKIzvfENl5kAJKpaadEP-OInWA9e50b-V534rfW1r9HNVFgTr9MuHwTLWL-OB6X3RY6rbOonuiD9v0bYnpdT3av0HhVvpWosvZkkyQwFkJyQzoUrTAjpACTnYkQgYj1mQnZiCMQg4DjmzgrD5f3hM3PQ:1nGjxq:pHRErJUdaAC4a9S2l-wAtpjTYrfb0ud5-by47elvS40", "expire_date": "2022-02-20T16:00:34.242Z"}}, {"model": "sessions.session", "pk": "ws5rgdqmgei0q3k249hq1wgpfbnwmi6w", "fields": {"session_data": ".eJxVjLsOwjAMAP8lM4rqxnEKIzvfENl5kAJKpaadEP-OInWA9e50b-V534rfW1r9HNVFgTr9MuHwTLWL-OB6X3RY6rbOonuiD9v0bYnpdT3av0HhVvpWosvZkkyQwFkJyQzoUrTAjpACTnYkQgYj1mQnZiCMQg4DjmzgrD5f3hM3PQ:1nDtG3:fWFO-pNH-bbUYGbHQ_HdSPXJPRccaHV51neurjx8TZc", "expire_date": "2022-02-12T19:19:35.053Z"}}, {"model": "sessions.session", "pk": "wxf581kcqwx4er266fj0t0xovpbtbk1o", "fields": {"session_data": ".eJxVjLsOwjAMAP8lM4rqxnEKIzvfENl5kAJKpaadEP-OInWA9e50b-V534rfW1r9HNVFgTr9MuHwTLWL-OB6X3RY6rbOonuiD9v0bYnpdT3av0HhVvpWosvZkkyQwFkJyQzoUrTAjpACTnYkQgYj1mQnZiCMQg4DjmzgrD5f3hM3PQ:1nIxgR:JQfgEFMTOSKPD2Xww97NeTFxlFjjIi23VNL0mhDucZU", "expire_date": "2022-02-26T19:03:47.151Z"}}, {"model": "mainapp.productcategory", "pk": 1, "fields": {"name": "Стулья", "description": "", "is_active": true}}, {"model": "mainapp.productcategory", "pk": 2, "fields": {"name": "Лампы", "description": "светодиоды", "is_active": true}}, {"model": "mainapp.productcategory", "pk": 3, "fields": {"name": "Столы", "description": "Супер столы", "is_active": true}}, {"model": "mainapp.productcategory", "pk": 4, "fields": {"name": "Диваны", "description": "", "is_active": true}}, {"model": "mainapp.productcategory", "pk": 5, "fields": {"name": "Кухни", "description": "123", "is_active": true}}, {"model": "mainapp.productcategory", "pk": 6, "fields": {"name": "Кресла", "description": "", "is_active": false}}, {"model": "mainapp.product", "pk": 1, "fields": {"name": "Лампа настенная1", "description": "Классная лампа", "category": 2, "short_description": "Супер цена", "price": "3455.00", "price_with_discount": "4512.00", "quantity": 21, "image": "products_images/product-11.jpg", "is_active": true}}, {"model": "mainapp.product", "pk": 2, "fields": {"name": "Лампа настольная2", "description": "Классная лампа", "category": 2, "short_description": "Супер цена", "price": "5556.00", "price_with_discount": "3245.00", "quantity": 73, "image": "products_images/product-31.jpg", "is_active": true}}, {"model": "mainapp.product", "pk": 3, "fields": {"name": "Лампа из 90-х3", "description": "Классная лампа", "category": 2, "short_description": "Супер цена", "price": "4567.00", "price_with_discount": "2344.00", "quantity": 56, "image": "products_images/product-5-sm.jpg", "is_active": true}}, {"model": "mainapp.product", "pk": 4, "fields": {"name": "Лампа настенная4", "description": "Классная лампа2", "category": 2, "short_description": "Супер цена", "price": "5775.00", "price_with_discount": "3465.00", "quantity": 68, "image": "products_images/product-41.jpg", "is_active": true}}, {"model": "mainapp.product", "pk": 5, "fields": {"name": "Лампа настольная5", "description": "Классная лампа", "category": 2, "short_description": "Супер цена", "price": "5887.00", "price_with_discount": "676.00", "quantity": 100, "image": "products_images/product-1.jpg", "is_active": true}}, {"model": "mainapp.product", "pk": 6, "fields": {"name": "Лампа из 90-х6", "description": "Классная лампа", "category": 2, "short_description": "Супер цена", "price": "4564.22", "price_with_discount": "3455.00", "quantity": 12, "image": "products_images/product-5-sm.jpg", "is_active": true}}, {"model": "mainapp.product", "pk": 7, "fields": {"name": "Лампа настенная7", "description": "Классная лампа", "category": 2, "short_description": "Супер цена", "price": "5234.00", "price_with_discount": "5687.00", "quantity": 37, "image": "products_images/product-11.jpg", "is_active": true}}, {"model": "mainapp.product", "pk": 8, "fields": {"name": "Лампа настольная8", "description": "Классная лампа", "category": 2, "short_description": "Супер цена", "price": "5888.00", "price_with_discount": "9887.00", "quantity": 19, "image": "products_images/product-31.jpg", "is_active": true}}, {"model": "mainapp.product", "pk": 9, "fields": {"name": "Лампа из 90-х9", "description": "Классная лампа", "category": 2, "short_description": "Супер цена", "price": "4456.00", "price_with_discount": "2500.00", "quantity": 54, "image": "products_images/product-5-sm.jpg", "is_active": true}}, {"model": "mainapp.product", "pk": 10, "fields": {"name": "Лампа настенная10", "description": "Классная лампа", "category": 2, "short_description": "Супер цена", "price": "5243.00", "price_with_discount": "4500.00", "quantity": 64, "image": "products_images/product-11.jpg", "is_active": true}}, {"model": "mainapp.product", "pk": 11, "fields": {"name": "Лампа настольная11", "description": "Классная лампа", "category": 2, "short_description": "Супер цена", "price": "5786.00", "price_with_discount": "4500.00", "quantity": 62, "image": "products_images/product-31.jpg", "is_active": true}}, {"model": "mainapp.product", "pk": 12, "fields": {"name": "Лампа из 90-х12", "description": "Классная лампа", "category": 2, "short_description": "Супер цена", "price": "4033.00", "price_with_discount": "2500.00", "quantity": 63, "image": "products_images/product-5-sm.jpg", "is_active": true}}, {"model": "mainapp.product", "pk": 13, "fields": {"name": "Стол из 90-х", "description": "Стол из дерева", "category": 3, "short_description": "Супер цена", "price": "5876.00", "price_with_discount": "4500.00", "quantity": 70, "image": "products_images/slider-hotdeal.jpg", "is_active": true}}, {"model": "mainapp.product", "pk": 14, "fields": {"name": "Стул из 90-х", "description": "Не оторваться", "category": 1, "short_description": "Супер цена", "price": "4973.25", "price_with_discount": "4500.00", "quantity": 3, "image": "products_images/product-4.jpg", "is_active": true}}, {"model": "mainapp.product", "pk": 15, "fields": {"name": "Диван тканевый", "description": "для дома и офиса и поспать", "category": 4, "short_description": "Супер цена", "price": "5976.00", "price_with_discount": "14500.00", "quantity": 67, "image": "products_images/product-3-sm.jpg", "is_active": true}}, {"model": "mainapp.product", "pk": 16, "fields": {"name": "Кухня Лето", "description": "", "category": 5, "short_description": "", "price": "15000.00", "price_with_discount": "13500.00", "quantity": 4, "image": "products_images/product-2.jpg", "is_active": true}}, {"model": "mainapp.product", "pk": 17, "fields": {"name": "Диванчик", "description": "Мягкий", "category": 4, "short_description": "", "price": "12000.00", "price_with_discount": "11980.00", "quantity": 10, "image": "products_images/promo-img2_Nkc18Oe.jpg", "is_active": true}}, {"model": "authapp.shopuser", "pk": 1, "fields": {"password": "pbkdf2_sha256$260000$kA8H6Jmsrb33aAw1zwycuY$7tWGEQiR8Uv07UNDWnUcnEDeey7AOIZpjla/+7ZogUQ=", "last_login": "2022-02-12T19:03:46.767Z", "is_superuser": true, "username": "django", "first_name": "django", "last_name": "", "email": "django@geekshop.local", "is_staff": true, "is_active": true, "date_joined": "2022-01-14T20:13:15Z", "avatar": "users_avatars/superadmin.jpg", "age": 33, "activation_key": "", "activation_key_expires": "2022-01-17T14:49:51.144Z", "groups": [], "user_permissions": []}}, {"model": "authapp.shopuser", "pk": 2, "fields": {"password": "pbkdf2_sha256$260000$OgoxgQsUevnlp9frakyreY$NzFYbV7DQESr1MZdm56sEWyHzBMBWLpRZY+oHGHihjg=", "last_login": null, "is_superuser": false, "username": "user", "first_name": "", "last_name": "", "email": "django@geekshop.local", "is_staff": true, "is_active": true, "date_joined": "2022-01-14T20:13:15Z", "avatar": "", "age": 18, "activation_key": "", "activation_key_expires": "2022-01-17T14:49:51.144Z", "groups": [], "user_permissions": []}}, {"model": "authapp.shopuser", "pk": 3, "fields": {"password": "pbkdf2_sha256$260000$joSXGBz9kyUtmqtyhADJ7P$x/VEvTdH8IrrkA8QplElAWMPOpI9sBDcXGBrVCdutR8=", "last_login": null, "is_superuser": true, "username": "Schwarzenegger", "first_name": "", "last_name": "", "email": "schwarz@hollywood.cinema", "is_staff": true, "is_active": true, "date_joined": "2022-01-14T20:13:16.195Z", "avatar": "users_avatars/schwarzenegger.jpg", "age": 74, "activation_key": "", "activation_key_expires": "2022-01-17T14:49:51.144Z", "groups": [], "user_permissions": []}}, {"model": "authapp.shopuser", "pk": 4, "fields": {"password": "pbkdf2_sha256$260000$s6Ab5boAvwAWxqQelCsfBL$FYHZmfFi8/Bvug3xr2v2MqqA4DCPXJz4Broo47CkSwM=", "last_login": null, "is_superuser": true, "username": "Tarantino", "first_name": "", "last_name": "", "email": "tarantino@hollywood.cinema", "is_staff": true, "is_active": true, "date_joined": "2022-01-14T20:13:16.530Z", "avatar": "users_avatars/tarantino.jpg", "age": 58, "activation_key": "", "activation_key_expires": "2022-01-17T14:49:51.144Z", "groups": [], "user_permissions": []}}, {"model": "authapp.shopuser", "pk": 5, "fields": {"password": "pbkdf2_sha256$260000$JxXZM2dZdnhSEQpGt9S7V2$dUiNN0oCM+vZH+DvArzns/yu6ZM3xxZql1adFH3KpnQ=", "last_login": null, "is_superuser": true, "username": "Sigourney Weaver", "first_name": "", "last_name": "", "email": "Weaver@hollywood.cinema", "is_staff": true, "is_active": true, "date_joined": "2022-01-14T20:13:16.897Z", "avatar": "users_avatars/sigurni.jpg", "age": 72, "activation_key": "", "activation_key_expires": "2022-01-17T14:49:51.144Z", "groups": [], "user_permissions": []}}, {"model": "authapp.shopuser", "pk": 6, "fields": {"password": "pbkdf2_sha256$260000$JMS5N8n5nHMAjyRAmkpdMq$rGQI6mqp/EkS04XlzTJxrp3nZIzZrYOo5OSmXGkN/7Q=", "last_login": "2022-01-16T16:35:04.690Z", "is_superuser": false, "username": "Yan", "first_name": "Gillan", "last_name": "", "email": "gillan@localhost", "is_staff": false, "is_active": true, "date_joined": "2022-01-16T16:20:34.196Z", "avatar": "", "age": 76, "activation_key": "", "activation_key_expires": "2022-01-17T14:49:51.144Z", "groups": [], "user_permissions": []}}, {"model": "authapp.shopuser", "pk": 7, "fields": {"password": "pbkdf2_sha256$260000$qH3PtipNuhhgVLAaDDaO00$0fcmtdSvglxxI4wJ9PIBSijmwjQwsJ+1hUsNtf4SWJY=", "last_login": "2022-01-16T17:07:36.184Z", "is_superuser": false, "username": "Rithie", "first_name": "Blackmore", "last_name": "", "email": "blackmore@localhost", "is_staff": false, "is_active": true, "date_joined": "2022-01-16T16:33:02.553Z", "avatar": "", "age": 76, "activation_key": "", "activation_key_expires": "2022-01-17T14:49:51.144Z", "groups": [], "user_permissions": []}}, {"model": "authapp.shopuser", "pk": 8, "fields": {"password": "pbkdf2_sha256$260000$zP2odrsg49WmQ0d9QAIvsw$G5WpFoKdpuvv/POcWhRUyhXNbthRt+69rKXtYX9lJ64=", "last_login": "2022-01-16T19:41:49.954Z", "is_superuser": false, "username": "Robert", "first_name": "Plant", "last_name": "", "email": "plant@localhost", "is_staff": false, "is_active": true, "date_joined": "2022-01-16T19:41:02.585Z", "avatar": "", "age": 76, "activation_key": "", "activation_key_expires": "2022-01-17T14:49:51.144Z", "groups": [], "user_permissions": []}}, {"model": "authapp.shopuser", "pk": 10, "fields": {"password": "pbkdf2_sha256$260000$LSyFVUiIQRq1ZZiowPf7Ly$peP42keUosGByCQyaXwPmUFnEtIZyVMVtbxaWHfkWUU=", "last_login": null, "is_superuser": false, "username": "John", "first_name": "Lord", "last_name": "", "email": "johnlord@localhost", "is_staff": false, "is_active": true, "date_joined": "2022-01-18T20:05:03.133Z", "avatar": "", "age": 75, "activation_key": "", "activation_key_expires": "2022-01-17T14:49:51.144Z", "groups": [], "user_permissions": []}}, {"model": "authapp.shopuser", "pk": 11, "fields": {"password": "pbkdf2_sha256$260000$pf15m8LabNZo0jUXBAiuKv$SeY2+kaB2Bd94xYig1MWqv5aXWuV8B/mY86r9lJSUgo=", "last_login": "2022-01-18T20:18:55.675Z", "is_superuser": false, "username": "Brad", "first_name": "Pitt", "last_name": "", "email": "bradpitt@localhost", "is_staff": false, "is_active": true, "date_joined": "2022-01-18T20:18:17.213Z", "avatar": "", "age": 57, "activation_key": "", "activation_key_expires": "2022-01-17T14:49:51.144Z", "groups": [], "user_permissions": []}}, {"model": "authapp.shopuser", "pk": 12, "fields": {"password": "!s3PhO2Byl4Dxb7OmgbitfkoOziYJUKrb7jzsK0p9", "last_login": "2022-02-12T19:02:30.085Z", "is_superuser": false, "username": "id39864345", "first_name": "Александр", "last_name": "Секисов", "email": "alexsekisov@yandex.ru", "is_staff": false, "is_active": true, "date_joined": "2022-01-19T19:52:58.271Z", "avatar": "", "age": 18, "activation_key": "", "activation_key_expires": "2022-01-17T14:49:51.144Z", "groups": [], "user_permissions": []}}, {"model": "authapp.shopuserprofile", "pk": 1, "fields": {"user": 1, "tagline": "", "aboutMe": "", "gender": "M"}}, {"model": "authapp.shopuserprofile", "pk": 2, "fields": {"user": 2, "tagline": "", "aboutMe": "", "gender": ""}}, {"model": "authapp.shopuserprofile", "pk": 3, "fields": {"user": 3, "tagline": "", "aboutMe": "", "gender": ""}}, {"model": "authapp.shopuserprofile", "pk": 4, "fields": {"user": 4, "tagline": "", "aboutMe": "", "gender": ""}}, {"model": "authapp.shopuserprofile", "pk": 5, "fields": {"user": 5, "tagline": "", "aboutMe": "", "gender": ""}}, {"model": "authapp.shopuserprofile", "pk": 6, "fields": {"user": 6, "tagline": "", "aboutMe": "", "gender": ""}}, {"model": "authapp.shopuserprofile", "pk": 7, "fields": {"user": 7, "tagline": "", "aboutMe": "", "gender": ""}}, {"model": "authapp.shopuserprofile", "pk": 8, "fields": {"user": 8, "tagline": "", "aboutMe": "", "gender": ""}}, {"model": "authapp.shopuserprofile", "pk": 10, "fields": {"user": 10, "tagline": "", "aboutMe": "", "gender": ""}}, {"model": "authapp.shopuserprofile", "pk": 11, "fields": {"user": 11, "tagline": "", "aboutMe": "Мужик", "gender": "M"}}, {"model": "authapp.shopuserprofile", "pk": 12, "fields": {"user": 12, "tagline": "", "aboutMe": "", "gender": "M"}}, {"model": "basketapp.basket", "pk": 4, "fields": {"user": 7, "product": 12, "quantity": 2, "add_datetime": "2022-01-16T16:40:36.172Z"}}, {"model": "basketapp.basket", "pk": 5, "fields": {"user": 7, "product": 13, "quantity": 2, "add_datetime": "2022-01-16T16:40:42.986Z"}}, {"model": "basketapp.basket", "pk": 6, "fields": {"user": 7, "product": 4, "quantity": 1, "add_datetime": "2022-01-16T17:01:00.744Z"}}, {"model": "basketapp.basket", "pk": 7, "fields": {"user": 7, "product": 16, "quantity": 1, "add_datetime": "2022-01-16T17:01:06.375Z"}}, {"model": "basketapp.basket", "pk": 9, "fields": {"user": 11, "product": 1, "quantity": 4, "add_datetime": "2022-01-18T20:19:43.150Z"}}, {"model": "basketapp.basket", "pk": 10, "fields": {"user": 11, "product": 9, "quantity": 1, "add_datetime": "2022-01-18T20:19:49.764Z"}}, {"model": "basketapp.basket", "pk": 73, "fields": {"user": 1, "product": 1, "quantity": 3, "add_datetime": "2022-02-13T16:56:51.270Z"}}, {"model": "basketapp.basket", "pk": 74, "fields": {"user": 1, "product": 12, "quantity": 2, "add_datetime": "2022-02-13T17:41:23.189Z"}}, {"model": "basketapp.basket", "pk": 77, "fields": {"user": 1, "product": 14, "quantity": 1, "add_datetime": "2022-02-13T18:15:31.326Z"}}, {"model": "social_django.usersocialauth", "pk": 2, "fields": {"user": 12, "provider": "vk-oauth2", "uid": "39864345", "extra_data": "{\"auth_time\": 1644692549, \"id\": 39864345, \"expires\": 86399, \"access_token\": \"328834aa100207e9de5ea31e65fe2abc8980779a20516658e2915c89defcbed15e8c5185952adf85d17fb\", \"token_type\": null}", "created": "2022-01-19T19:52:58.967Z", "modified": "2022-02-12T19:02:29.074Z"}}, {"model": "ordersapp.order", "pk": 1, "fields": {"user": 1, "created": "2022-01-26T19:36:53.787Z", "updated": "2022-02-03T19:09:30.663Z", "status": "FM", "is_active": true}}, {"model": "ordersapp.order", "pk": 2, "fields": {"user": 1, "created": "2022-01-26T19:37:28.542Z", "updated": "2022-01-26T20:41:42.746Z", "status": "FM", "is_active": false}}, {"model": "ordersapp.order", "pk": 3, "fields": {"user": 1, "created": "2022-01-26T19:38:30.554Z", "updated": "2022-01-26T20:07:56.829Z", "status": "STP", "is_active": true}}, {"model": "ordersapp.order", "pk": 4, "fields": {"user": 1, "created": "2022-01-26T19:51:12.684Z", "updated": "2022-01-26T19:51:49.436Z", "status": "FM", "is_active": false}}, {"model": "ordersapp.order", "pk": 5, "fields": {"user": 1, "created": "2022-01-26T20:08:45.584Z", "updated": "2022-01-26T20:08:46.217Z", "status": "FM", "is_active": false}}, {"model": "ordersapp.order", "pk": 6, "fields": {"user": 1, "created": "2022-01-26T20:09:00.876Z", "updated": "2022-01-26T20:09:01.704Z", "status": "FM", "is_active": false}}, {"model": "ordersapp.order", "pk": 7, "fields": {"user": 1, "created": "2022-01-26T20:25:40.830Z", "updated": "2022-01-29T19:20:45.725Z", "status": "FM", "is_active": true}}, {"model": "ordersapp.order", "pk": 8, "fields": {"user": 1, "created": "2022-01-26T20:31:20.484Z", "updated": "2022-01-29T19:39:10.027Z", "status": "FM", "is_active": true}}, {"model": "ordersapp.order", "pk": 9, "fields": {"user": 1, "created": "2022-01-26T20:44:01.601Z", "updated": "2022-01-29T19:20:39.172Z", "status": "FM", "is_active": false}}, {"model": "ordersapp.order", "pk": 10, "fields": {"user": 1, "created": "2022-01-26T20:46:53.023Z", "updated": "2022-01-29T19:19:54.390Z", "status": "STP", "is_active": true}}, {"model": "ordersapp.order", "pk": 11, "fields": {"user": 1, "created": "2022-01-29T19:44:46.512Z", "updated": "2022-01-29T19:50:57.253Z", "status": "FM", "is_active": true}}, {"model": "ordersapp.order", "pk": 12, "fields": {"user": 1, "created": "2022-01-29T20:43:16.752Z", "updated": "2022-02-03T19:09:36.731Z", "status": "FM", "is_active": true}}, {"model": "ordersapp.order", "pk": 13, "fields": {"user": 1, "created": "2022-02-03T19:09:40.396Z", "updated": "2022-02-03T19:09:40.654Z", "status": "FM", "is_active": true}}, {"model": "ordersapp.order", "pk": 14, "fields": {"user": 1, "created": "2022-02-03T19:09:45.414Z", "updated": "2022-02-13T10:53:06.191Z", "status": "FM", "is_active": false}}, {"model": "ordersapp.order", "pk": 15, "fields": {"user": 1, "created": "2022-02-03T19:09:49.171Z", "updated": "2022-02-13T10:52:21.823Z", "status": "FM", "is_active": false}}, {"model": "ordersapp.order", "pk": 16, "fields": {"user": 1, "created": "2022-02-03T19:09:52.456Z", "updated": "2022-02-13T10:52:17.760Z", "status": "FM", "is_active": false}}, {"model": "ordersapp.order", "pk": 17, "fields": {"user": 1, "created": "2022-02-03T19:09:57.965Z", "updated": "2022-02-13T10:52:13.855Z", "status": "FM", "is_active": false}}, {"model": "ordersapp.order", "pk": 18, "fields": {"user": 1, "created": "2022-02-03T19:10:02.675Z", "updated": "2022-02-06T20:15:18.703Z", "status": "FM", "is_active": false}}, {"model": "ordersapp.order", "pk": 19, "fields": {"user": 1, "created": "2022-02-03T19:10:08.747Z", "updated": "2022-02-03T19:10:09.017Z", "status": "FM", "is_active": false}}, {"model": "ordersapp.order", "pk": 20, "fields": {"user": 1, "created": "2022-02-06T16:01:39.218Z", "updated": "2022-02-06T17:50:01.946Z", "status": "FM", "is_active": false}}, {"model": "ordersapp.order", "pk": 21, "fields": {"user": 1, "created": "2022-02-12T18:35:51.877Z", "updated": "2022-02-13T10:52:08.894Z", "status": "FM", "is_active": false}}, {"model": "ordersapp.order", "pk": 22, "fields": {"user": 12, "created": "2022-02-12T19:03:01.753Z", "updated": "2022-02-12T19:03:02.144Z", "status": "FM", "is_active": true}}, {"model": "ordersapp.order", "pk": 23, "fields": {"user": 12, "created": "2022-02-12T19:03:17.873Z", "updated": "2022-02-12T19:03:18.247Z", "status": "FM", "is_active": true}}, {"model": "ordersapp.order", "pk": 24, "fields": {"user": 12, "created": "2022-02-12T19:03:32.148Z", "updated": "2022-02-12T19:03:32.337Z", "status": "FM", "is_active": true}}, {"model": "ordersapp.order", "pk": 25, "fields": {"user": 1, "created": "2022-02-12T20:03:21.235Z", "updated": "2022-02-13T10:52:05.444Z", "status": "FM", "is_active": false}}, {"model": "ordersapp.order", "pk": 26, "fields": {"user": 1, "created": "2022-02-12T20:34:11.239Z", "updated": "2022-02-13T10:52:01.297Z", "status": "FM", "is_active": false}}, {"model": "ordersapp.order", "pk": 27, "fields": {"user": 1, "created": "2022-02-12T20:37:50.346Z", "updated": "2022-02-13T10:51:59.994Z", "status": "FM", "is_active": false}}, {"model": "ordersapp.order", "pk": 28, "fields": {"user": 1, "created": "2022-02-13T10:53:42.582Z", "updated": "2022-02-13T12:10:15.819Z", "status": "FM", "is_active": false}}, {"model": "ordersapp.order", "pk": 29, "fields": {"user": 1, "created": "2022-02-13T12:10:21.280Z", "updated": "2022-02-13T15:26:58.713Z", "status": "FM", "is_active": true}}, {"model": "ordersapp.order", "pk": 30, "fields": {"user": 1, "created": "2022-02-13T15:17:48.640Z", "updated": "2022-02-13T15:27:19.622Z", "status": "FM", "is_active": true}}, {"model": "ordersapp.order", "pk": 31, "fields": {"user": 1, "created": "2022-02-13T15:27:59.765Z", "updated": "2022-02-13T16:40:44.175Z", "status": "FM", "is_active": true}}, {"model": "ordersapp.order", "pk": 32, "fields": {"user": 1, "created": "2022-02-13T16:40:50.974Z", "updated": "2022-02-13T18:11:59.098Z", "status": "FM", "is_active": true}}, {"model": "ordersapp.orderitem", "pk": 1, "fields": {"order": 1, "product": 16, "quantity": 4}}, {"model": "ordersapp.orderitem", "pk": 2, "fields": {"order": 1, "product": 9, "quantity": 4}}, {"model": "ordersapp.orderitem", "pk": 3, "fields": {"order": 1, "product": 15, "quantity": 4}}, {"model": "ordersapp.orderitem", "pk": 4, "fields": {"order": 1, "product": 3, "quantity": 5}}, {"model": "ordersapp.orderitem", "pk": 5, "fields": {"order": 1, "product": 11, "quantity": 1}}, {"model": "ordersapp.orderitem", "pk": 6, "fields": {"order": 1, "product": 1, "quantity": 2}}, {"model": "ordersapp.orderitem", "pk": 7, "fields": {"order": 1, "product": 2, "quantity": 1}}, {"model": "ordersapp.orderitem", "pk": 8, "fields": {"order": 2, "product": 1, "quantity": 1}}, {"model": "ordersapp.orderitem", "pk": 9, "fields": {"order": 3, "product": 17, "quantity": 1}}, {"model": "ordersapp.orderitem", "pk": 10, "fields": {"order": 4, "product": 14, "quantity": 1}}, {"model": "ordersapp.orderitem", "pk": 11, "fields": {"order": 7, "product": 5, "quantity": 1}}, {"model": "ordersapp.orderitem", "pk": 12, "fields": {"order": 7, "product": 1, "quantity": 1}}, {"model": "ordersapp.orderitem", "pk": 14, "fields": {"order": 8, "product": 1, "quantity": 1}}, {"model": "ordersapp.orderitem", "pk": 15, "fields": {"order": 8, "product": 12, "quantity": 1}}, {"model": "ordersapp.orderitem", "pk": 16, "fields": {"order": 8, "product": 7, "quantity": 1}}, {"model": "ordersapp.orderitem", "pk": 18, "fields": {"order": 9, "product": 6, "quantity": 0}}, {"model": "ordersapp.orderitem", "pk": 19, "fields": {"order": 9, "product": 13, "quantity": 1}}, {"model": "ordersapp.orderitem", "pk": 20, "fields": {"order": 10, "product": 3, "quantity": 1}}, {"model": "ordersapp.orderitem", "pk": 21, "fields": {"order": 10, "product": 14, "quantity": 3}}, {"model": "ordersapp.orderitem", "pk": 22, "fields": {"order": 9, "product": 16, "quantity": 2}}, {"model": "ordersapp.orderitem", "pk": 23, "fields": {"order": 11, "product": 8, "quantity": 1}}, {"model": "ordersapp.orderitem", "pk": 24, "fields": {"order": 11, "product": 1, "quantity": 1}}, {"model": "ordersapp.orderitem", "pk": 25, "fields": {"order": 11, "product": 12, "quantity": 1}}, {"model": "ordersapp.orderitem", "pk": 26, "fields": {"order": 11, "product": 9, "quantity": 1}}, {"model": "ordersapp.orderitem", "pk": 27, "fields": {"order": 11, "product": 14, "quantity": 1}}, {"model": "ordersapp.orderitem", "pk": 28, "fields": {"order": 11, "product": 16, "quantity": 0}}, {"model": "ordersapp.orderitem", "pk": 29, "fields": {"order": 12, "product": 8, "quantity": 1}}, {"model": "ordersapp.orderitem", "pk": 30, "fields": {"order": 12, "product": 1, "quantity": 1}}, {"model": "ordersapp.orderitem", "pk": 31, "fields": {"order": 12, "product": 12, "quantity": 1}}, {"model": "ordersapp.orderitem", "pk": 32, "fields": {"order": 12, "product": 9, "quantity": 1}}, {"model": "ordersapp.orderitem", "pk": 33, "fields": {"order": 12, "product": 14, "quantity": 1}}, {"model": "ordersapp.orderitem", "pk": 34, "fields": {"order": 12, "product": 16, "quantity": 1}}, {"model": "ordersapp.orderitem", "pk": 35, "fields": {"order": 12, "product": 11, "quantity": 1}}, {"model": "ordersapp.orderitem", "pk": 36, "fields": {"order": 12, "product": 17, "quantity": 1}}, {"model": "ordersapp.orderitem", "pk": 37, "fields": {"order": 13, "product": 8, "quantity": 1}}, {"model": "ordersapp.orderitem", "pk": 38, "fields": {"order": 13, "product": 1, "quantity": 1}}, {"model": "ordersapp.orderitem", "pk": 39, "fields": {"order": 13, "product": 12, "quantity": 1}}, {"model": "ordersapp.orderitem", "pk": 40, "fields": {"order": 13, "product": 9, "quantity": 1}}, {"model": "ordersapp.orderitem", "pk": 41, "fields": {"order": 13, "product": 6, "quantity": 1}}, {"model": "ordersapp.orderitem", "pk": 42, "fields": {"order": 13, "product": 13, "quantity": 1}}, {"model": "ordersapp.orderitem", "pk": 43, "fields": {"order": 14, "product": 8, "quantity": 1}}, {"model": "ordersapp.orderitem", "pk": 44, "fields": {"order": 14, "product": 1, "quantity": 1}}, {"model": "ordersapp.orderitem", "pk": 45, "fields": {"order": 14, "product": 12, "quantity": 1}}, {"model": "ordersapp.orderitem", "pk": 46, "fields": {"order": 14, "product": 9, "quantity": 1}}, {"model": "ordersapp.orderitem", "pk": 47, "fields": {"order": 14, "product": 6, "quantity": 1}}, {"model": "ordersapp.orderitem", "pk": 48, "fields": {"order": 15, "product": 8, "quantity": 1}}, {"model": "ordersapp.orderitem", "pk": 49, "fields": {"order": 15, "product": 1, "quantity": 1}}, {"model": "ordersapp.orderitem", "pk": 50, "fields": {"order": 15, "product": 12, "quantity": 1}}, {"model": "ordersapp.orderitem", "pk": 51, "fields": {"order": 15, "product": 9, "quantity": 1}}, {"model": "ordersapp.orderitem", "pk": 52, "fields": {"order": 16, "product": 8, "quantity": 1}}, {"model": "ordersapp.orderitem", "pk": 53, "fields": {"order": 16, "product": 1, "quantity": 1}}, {"model": "ordersapp.orderitem", "pk": 54, "fields": {"order": 16, "product": 12, "quantity": 1}}, {"model": "ordersapp.orderitem", "pk": 55, "fields": {"order": 17, "product": 8, "quantity": 1}}, {"model": "ordersapp.orderitem", "pk": 56, "fields": {"order": 17, "product": 1, "quantity": 1}}, {"model": "ordersapp.orderitem", "pk": 57, "fields": {"order": 18, "product": 8, "quantity": 1}}, {"model": "ordersapp.orderitem", "pk": 58, "fields": {"order": 18, "product": 6, "quantity": 9}}, {"model": "ordersapp.orderitem", "pk": 59, "fields": {"order": 20, "product": 15, "quantity": 1}}, {"model": "ordersapp.orderitem", "pk": 60, "fields": {"order": 20, "product": 13, "quantity": 1}}, {"model": "ordersapp.orderitem", "pk": 61, "fields": {"order": 20, "product": 14, "quantity": 1}}, {"model": "ordersapp.orderitem", "pk": 62, "fields": {"order": 17, "product": 14, "quantity": 1}}, {"model": "ordersapp.orderitem", "pk": 63, "fields": {"order": 17, "product": 3, "quantity": 4}}, {"model": "ordersapp.orderitem", "pk": 64, "fields": {"order": 17, "product": 7, "quantity": 1}}, {"model": "ordersapp.orderitem", "pk": 65, "fields": {"order": 17, "product": 2, "quantity": 1}}, {"model": "ordersapp.orderitem", "pk": 66, "fields": {"order": 21, "product": 12, "quantity": 1}}, {"model": "ordersapp.orderitem", "pk": 67, "fields": {"order": 22, "product": 14, "quantity": 1}}, {"model": "ordersapp.orderitem", "pk": 68, "fields": {"order": 22, "product": 9, "quantity": 3}}, {"model": "ordersapp.orderitem", "pk": 69, "fields": {"order": 23, "product": 14, "quantity": 1}}, {"model": "ordersapp.orderitem", "pk": 70, "fields": {"order": 24, "product": 12, "quantity": 3}}, {"model": "ordersapp.orderitem", "pk": 71, "fields": {"order": 21, "product": 6, "quantity": 1}}, {"model": "ordersapp.orderitem", "pk": 72, "fields": {"order": 25, "product": 3, "quantity": 5}}, {"model": "ordersapp.orderitem", "pk": 73, "fields": {"order": 25, "product": 3, "quantity": 1}}, {"model": "ordersapp.orderitem", "pk": 74, "fields": {"order": 26, "product": 3, "quantity": 1}}, {"model": "ordersapp.orderitem", "pk": 75, "fields": {"order": 27, "product": 4, "quantity": 1}}, {"model": "ordersapp.orderitem", "pk": 76, "fields": {"order": 27, "product": 1, "quantity": 1}}, {"model": "ordersapp.orderitem", "pk": 77, "fields": {"order": 27, "product": 12, "quantity": 3}}, {"model": "ordersapp.orderitem", "pk": 78, "fields": {"order": 27, "product": 12, "quantity": 1}}, {"model": "ordersapp.orderitem", "pk": 79, "fields": {"order": 27, "product": 17, "quantity": 4}}, {"model": "ordersapp.orderitem", "pk": 80, "fields": {"order": 27, "product": 15, "quantity": 1}}, {"model": "ordersapp.orderitem", "pk": 81, "fields": {"order": 27, "product": 16, "quantity": 1}}, {"model": "ordersapp.orderitem", "pk": 82, "fields": {"order": 27, "product": 17, "quantity": 1}}, {"model": "ordersapp.orderitem", "pk": 83, "fields": {"order": 26, "product": 12, "quantity": 1}}, {"model": "ordersapp.orderitem", "pk": 84, "fields": {"order": 14, "product": 5, "quantity": 1}}, {"model": "ordersapp.orderitem", "pk": 85, "fields": {"order": 28, "product": 14, "quantity": 2}}, {"model": "ordersapp.orderitem", "pk": 86, "fields": {"order": 28, "product": 2, "quantity": 2}}, {"model": "ordersapp.orderitem", "pk": 87, "fields": {"order": 28, "product": 12, "quantity": 1}}, {"model": "ordersapp.orderitem", "pk": 88, "fields": {"order": 28, "product": 3, "quantity": 1}}, {"model": "ordersapp.orderitem", "pk": 89, "fields": {"order": 29, "product": 14, "quantity": 2}}, {"model": "ordersapp.orderitem", "pk": 90, "fields": {"order": 29, "product": 6, "quantity": 1}}, {"model": "ordersapp.orderitem", "pk": 91, "fields": {"order": 29, "product": 1, "quantity": 1}}, {"model": "ordersapp.orderitem", "pk": 92, "fields": {"order": 29, "product": 9, "quantity": 3}}, {"model": "ordersapp.orderitem", "pk": 93, "fields": {"order": 29, "product": 5, "quantity": 1}}, {"model": "ordersapp.orderitem", "pk": 95, "fields": {"order": 30, "product": 12, "quantity": 1}}, {"model": "ordersapp.orderitem", "pk": 96, "fields": {"order": 30, "product": 8, "quantity": 2}}, {"model": "ordersapp.orderitem", "pk": 97, "fields": {"order": 31, "product": 6, "quantity": 3}}, {"model": "ordersapp.orderitem", "pk": 98, "fields": {"order": 31, "product": 10, "quantity": 1}}, {"model": "ordersapp.orderitem", "pk": 99, "fields": {"order": 31, "product": 2, "quantity": 2}}, {"model": "ordersapp.orderitem", "pk": 100, "fields": {"order": 31, "product": 12, "quantity": 1}}, {"model": "ordersapp.orderitem", "pk": 101, "fields": {"order": 32, "product": 6, "quantity": 3}}, {"model": "ordersapp.orderitem", "pk": 102, "fields": {"order": 32, "product": 10, "quantity": 1}}, {"model": "ordersapp.orderitem", "pk": 103, "fields": {"order": 32, "product": 11, "quantity": 2}}, {"model": "ordersapp.orderitem", "pk": 104, "fields": {"order": 32, "product": 9, "quantity": 5}}, {"model": "ordersapp.orderitem", "pk": 105, "fields": {"order": 32, "product": 2, "quantity": 1}}, {"model": "ordersapp.orderitem", "pk": 106, "fields": {"order": 32, "product": 8, "quantity": 1}}, {"model": "ordersapp.orderitem", "pk": 107, "fields": {"order": 32, "product": 5, "quantity": 1}}]